{"head":["p1",30,750,1500,"#ffffff"],"_$1":[5],"_$2":[4,1,0,0,"Times%20Roman",12,"#000000",1,15,"",0,0,0],"_$3":[4,1,2,0,"Arial",24,"#000000",1,28,"",0,0,0],"_$4":[4,1,0,0,"Times%20Roman",12,"#00ff00",1,15,"",0,0,0],"_$5":[4,1,0,0,"Times%20Roman",40,"#00ff00",1,46,"",0,0,0],"_$6":[4,1,0,0,"Times%20Roman",12,"#00ff00",1,15,"",0,0,0],"_$7":[4,1,0,0,"Times%20Roman",12,"#00ff00",1,15,"",0,0,0],"P1":{"t":1,"tf":1,"f":[{"i":0,"c":{"2":{"o":2,"at":0,"tr":[87.900002,236.050003,1,1,0,0],"w":595.049988,"h":188.449997},"3":{"o":3,"at":2,"tr":[136.050003,1094.5,1,1,0,0],"w":530,"h":120},"4":{"o":4,"at":3,"tr":[136.050003,955.25,1,1,0,0],"w":530,"h":120},"5":{"o":5,"at":4,"tr":[136.050003,823.200012,1,1,0,0],"w":530,"h":120},"6":{"o":6,"at":5,"tr":[136.050003,681.200012,1,1,0,0],"w":530,"h":120},"7":{"o":7,"at":6,"tr":[136.050003,537.150024,1,1,0,0],"w":530,"h":120}}}],"c":["_$1","_$2","_$3","_$4","_$5","_$6","_$7"],"n":{"1":"title","2":"option_e","3":"option_d","4":"option_c","5":"option_b","6":"option_a"},"s":{"0":{"1":1}}}}